Buyer,cabmoo,1231231234,Holy Thunder,null,data/images/user_profile_images/18102021132352.png,2021-10-18T13:33:11.210413400
Seller,A101,1243,Alan,Alan Shop,data/images/default/default_profile_picture.png,2021-10-20T23:59:44.658086100
Seller,Holly,6758,Holly,IT stores,data/images/user_profile_images/14102021193124.png,2021-10-18T13:30:32.466561100
Seller,KT32,2324,Kati,KT Shop,data/images/user_profile_images/14102021113138.png,2021-10-18T13:00:08.170921500
Buyer,kt111,2113,Kati,null,data/images/default/default_profile_picture.png,2021-10-18T12:59:18.282742400
Seller,Sommai1990,3325,Sommai,CocoStore,data/images/user_profile_images/12102021150626.jpg,2021-10-18T12:56:56.042876700
Seller,Leon,7453,Leon,Leon Shop,data/images/user_profile_images/12102021134453.jpg,2021-10-18T12:55:58.542849400
Buyer,BT2147,483647,Brighton,null,data/images/default/default_profile_picture.png,2021-10-18T12:54:08.926933500
Buyer,zesiria1256,zesiria52301,Zesiria Maro,null,data/images/default/default_profile_picture.png,2021-10-18T12:50:26.155062200
Seller,paper2112,paper,paper,paperShop,data/images/default/default_profile_picture.png,2021-10-18T12:17:34.025822800
Buyer,JaeAiKay,11506,Jik Jiratchaya,null,data/images/user_profile_images/14102021131137.jpg,2021-10-18T12:16:53.322487100
Buyer,123,123,Tester,null,data/images/user_profile_images/11102021131303.jpg,2021-10-20T23:59:08.604698800
Seller,viewntk,view,view,viewShop,data/images/user_profile_images/14102021115150.jpg,2021-10-18T03:15:34.372719400
Admin,admin,admin,Admin02,null,null,2021-10-18T03:15:18.298828100
